Elena, 5199358937, /startElena, 5199358937, /startElena, 5199358937, /startElena, 5199358937, /startElena, 5199358937, /startElena, 5199358937, /startElena, 5199358937, /startElena, 5199358937, /startElena, 5199358937, /startElena, 5199358937, /startElena, 5199358937, /startElena, 5199358937, /startElena, 5199358937, /startElena, 5199358937, /startElena, 5199358937, /startElena, 5199358937, /startElena, 5199358937, /startElena, 5199358937, /startElena, 5199358937, /startElena, 5199358937, /startElena, 5199358937, /startElena, 5199358937, /startElena, 5199358937, /startElena, 5199358937, /startElena, 5199358937, /startElena, 5199358937, /startElena, 5199358937, /startElena, 5199358937, /start
Elena, 5199358937, /start
Elena, 5199358937, /start
Elena, 5199358937, /start
Elena, 5199358937, /start, 1693565449.111922
Elena, 5199358937, /start, 13:51:47.056239
Elena, 5199358937, /start, 13:51:52.534543
Elena, 5199358937, /start, 13:53:38.436455
Elena, 5199358937, /start, 2023-09-01 13:57:26.621369
Elena, 5199358937, /start, 2023-09-01 13:57:58.325630
Elena, 5199358937, /start, 2023-09-01 13:58:15.095747
Elena, 5199358937, /start, 2023-09-01 13:58:44.433051
Elena, 5199358937, /start, 2023-09-01 13:58:51.722803
Elena, 5199358937, /start, 2023-09-01 13:59:12.451964
Elena, 5199358937, /start, 2023-09-01 14:02:18.753216
Elena, 5199358937, /start, 2023-09-01 14:02:54.969022
Elena, 5199358937, /start, 2023-09-01 14:06:24.918352
Elena, 5199358937, /start, 2023-09-01 14:12:41.815086
Elena, 5199358937, /start, 2023-09-01 14:14:49.179862
Elena, 5199358937, /start, 2023-09-02 22:36:34.378992
Elena, 5199358937, /start, 2023-09-02 22:36:40.853773
Elena, 5199358937, /start, 2023-09-02 22:37:20.310701
Elena, 5199358937, /start, 2023-09-02 22:38:12.993745
Elena, 5199358937, /start, 2023-09-02 22:39:48.257012
Elena, 5199358937, /start, 2023-09-02 22:42:13.629637
Elena, 5199358937, /start, 2023-09-02 22:44:19.084976
Elena, 5199358937, /start, 2023-09-02 22:49:20.971562
Elena, 5199358937, /start, 2023-09-02 22:49:58.117774
Elena, 5199358937, /start, 2023-09-02 22:51:44.508302
Elena, 5199358937, /start, 2023-09-02 22:51:53.395106
Elena, 5199358937, /start, 2023-09-02 22:52:33.282711
Elena, 5199358937, /start, 2023-09-02 22:54:42.508571
Elena, 5199358937, /start, 2023-09-02 22:55:44.422034
Elena, 5199358937, /start, 2023-09-02 22:56:27.644485
Elena, 5199358937, /start, 2023-09-02 22:56:44.672131
Elena, 5199358937, /start, 2023-09-02 22:59:38.094949
